{
  "project_info": {
    "project_number": "598004532032",
    "firebase_url": "https://healthkeeper-783a8.firebaseio.com",
    "project_id": "healthkeeper-783a8",
    "storage_bucket": "healthkeeper-783a8.appspot.com"
  },
  "client": [
    {
      "client_info": {
        "mobilesdk_app_id": "1:598004532032:android:c4799b3b100adc1c2570a5",
        "android_client_info": {
          "package_name": "comp5216.sydney.edu.au.assignment2"
        }
      },
      "oauth_client": [
        {
          "client_id": "598004532032-9vmurhq0kv0gfdhrk5pncu94n7oh37rt.apps.googleusercontent.com",
          "client_type": 3
        }
      ],
      "api_key": [
        {
          "current_key": "AIzaSyBi74DsnoC5040ZwwxvavMUZxcyq4tRW74"
        }
      ],
      "services": {
        "appinvite_service": {
          "other_platform_oauth_client": [
            {
              "client_id": "598004532032-9vmurhq0kv0gfdhrk5pncu94n7oh37rt.apps.googleusercontent.com",
              "client_type": 3
            }
          ]
        }
      }
    }
  ],
  "configuration_version": "1"
}